{
	"ambient": {
		"x": 0.10000000149011612,
		"y": 0.10000000149011612,
		"z": 0.10000000149011612
	},
	"default_material": "null",
	"lights": [
		{
			"color": {
				"x": 1.0,
				"y": 1.0,
				"z": 1.0
			},
			"position": {
				"x": 0.0,
				"y": 1.0,
				"z": 3.0
			},
			"range": 100.0
		},
		{
			"color": {
				"x": 0.6000000238418579,
				"y": 0.800000011920929,
				"z": 0.10000000149011612
			},
			"position": {
				"x": 5.0,
				"y": 0.0,
				"z": 3.0
			},
			"range": 4.0
		},
		{
			"color": {
				"x": 0.0,
				"y": 0.20000000298023224,
				"z": 1.0
			},
			"position": {
				"x": 0.0,
				"y": 5.0,
				"z": 3.0
			},
			"range": 4.0
		}
	],
	"main_camera": "f5e5552a-1e15-eb41-9696-eca06c2925ff",
	"objects": [
		{
			"children": [],
			"components": {
				"Gameplay::Camera": {
					"clear_color": {
						"w": -431602080.0,
						"x": -431602080.0,
						"y": -431602080.0,
						"z": -431602080.0
					},
					"enabled": true,
					"far_plane": 1000.0,
					"fov_radians": 1.5707963705062866,
					"guid": "f5e5552a-1e15-eb41-9696-eca06c2925ff",
					"near_plane": 0.10000000149011612,
					"ortho_enabled": false,
					"ortho_size": 10.0
				},
				"SimpleCameraControl": {
					"enabled": true,
					"guid": "66ec022d-eb52-0048-8261-bbebbc511116",
					"mouse_sensitivity": {
						"x": 0.5,
						"y": 0.30000001192092896
					},
					"move_speed": {
						"x": 1.0,
						"y": 1.0,
						"z": 1.0
					},
					"shift_mult": 2.0
				}
			},
			"guid": "7ad8054c-8d56-3948-8f0d-852c3b2a2e56",
			"hide_in_inspector": false,
			"name": "Main Camera",
			"parent": "null",
			"position": {
				"x": -9.0,
				"y": -6.0,
				"z": 15.0
			},
			"rotation": {
				"w": 0.8390066623687744,
				"x": 0.27095746994018555,
				"y": -0.1450120359659195,
				"z": -0.44902271032333374
			},
			"scale": {
				"x": 1.0,
				"y": 1.0,
				"z": 1.0
			}
		},
		{
			"children": [],
			"components": {
				"Gameplay::Physics::RigidBody": {
					"angular_damping": 0.004999999888241291,
					"colliders": [
						{
							"extents": {
								"x": 50.0,
								"y": 50.0,
								"z": 1.0
							},
							"guid": "46793ddb-0bd4-dc4f-9699-cf67941dfdd3",
							"position": {
								"x": 0.0,
								"y": 0.0,
								"z": -1.0
							},
							"rotation": {
								"x": 0.0,
								"y": 0.0,
								"z": 0.0
							},
							"scale": {
								"x": 1.0,
								"y": 1.0,
								"z": 1.0
							},
							"type": "Box"
						}
					],
					"enabled": true,
					"group": 1,
					"guid": "7182ce69-73d6-a541-99c6-135f3f0d4eda",
					"linear_damping": 0.0,
					"mask": -1,
					"mass": 1.0,
					"type": "Static"
				},
				"RenderComponent": {
					"enabled": true,
					"guid": "15a91ac2-0b4c-c04f-9881-4f74428061a3",
					"material": "520810d4-15b9-414d-80e6-e07640f3309e",
					"mesh": "94c907de-cb33-324f-a7b1-9d285f98712c"
				}
			},
			"guid": "e74b107e-9745-fa4a-a020-adacbf2cc1b9",
			"hide_in_inspector": false,
			"name": "Plane",
			"parent": "null",
			"position": {
				"x": 0.0,
				"y": 0.0,
				"z": 0.0
			},
			"rotation": {
				"w": 1.0,
				"x": 0.0,
				"y": 0.0,
				"z": 0.0
			},
			"scale": {
				"x": 1.0,
				"y": 1.0,
				"z": 1.0
			}
		},
		{
			"children": [],
			"components": {
				"Gameplay::Physics::RigidBody": {
					"angular_damping": 0.004999999888241291,
					"colliders": [
						{
							"extents": {
								"x": 1.0,
								"y": 1.0,
								"z": 1.0
							},
							"guid": "7e94211d-5ab7-844c-89bd-a6f7b70ab97c",
							"position": {
								"x": 0.0,
								"y": 0.0,
								"z": 0.0
							},
							"rotation": {
								"x": 0.0,
								"y": 0.0,
								"z": 0.0
							},
							"scale": {
								"x": 1.0,
								"y": 1.0,
								"z": 1.0
							},
							"type": "Box"
						}
					],
					"enabled": true,
					"group": 1,
					"guid": "df7140b8-7558-5542-86ec-96e0be85c1f2",
					"linear_damping": 0.0,
					"mask": -1,
					"mass": 1.0,
					"type": "Kinematic"
				},
				"JumpBehaviour": {
					"enabled": true,
					"guid": "2c3b7c3c-ba3d-6047-ba34-30e842feb1e2",
					"impulse": 10.0
				},
				"MaterialSwapBehaviour": {
					"enabled": true,
					"enter_material": "null",
					"exit_material": "null",
					"guid": "22b5bd59-5c13-644e-a096-4325d0fec90f"
				},
				"RenderComponent": {
					"enabled": true,
					"guid": "d498eacf-9fb2-a442-a983-32cab1628b9e",
					"material": "3076362b-14ad-a04e-8ddb-b33804c94b95",
					"mesh": "9a49b281-0256-ae4b-b43e-80b37dca8d49"
				}
			},
			"guid": "69c3e4c7-82ab-9547-adba-e0d30941c3a2",
			"hide_in_inspector": false,
			"name": "Monkey 1",
			"parent": "null",
			"position": {
				"x": 10.5,
				"y": 0.0,
				"z": 1.0
			},
			"rotation": {
				"w": 1.0,
				"x": 0.0,
				"y": 0.0,
				"z": 0.0
			},
			"scale": {
				"x": 1.0,
				"y": 1.0,
				"z": 1.0
			}
		},
		{
			"children": [],
			"components": {
				"Gameplay::Physics::TriggerVolume": {
					"colliders": [
						{
							"extents": {
								"x": 1.0,
								"y": 10.0,
								"z": 10.0
							},
							"guid": "e736d7ce-43d3-7046-99db-fc4776460a90",
							"position": {
								"x": 0.0,
								"y": 0.0,
								"z": 0.0
							},
							"rotation": {
								"x": 0.0,
								"y": 0.0,
								"z": 0.0
							},
							"scale": {
								"x": 1.0,
								"y": 1.0,
								"z": 1.0
							},
							"type": "Box"
						}
					],
					"enabled": true,
					"group": 1,
					"guid": "b24b77c4-df84-5d4b-a44f-ac4084e903d6",
					"mask": -1
				}
			},
			"guid": "e4ca2ad4-4803-9343-8d3e-f1984ccb4f10",
			"hide_in_inspector": false,
			"name": "Finish Line",
			"parent": "null",
			"position": {
				"x": -10.0,
				"y": 0.0,
				"z": 0.0
			},
			"rotation": {
				"w": 1.0,
				"x": 0.0,
				"y": 0.0,
				"z": 0.0
			},
			"scale": {
				"x": 1.0,
				"y": 1.0,
				"z": 1.0
			}
		},
		{
			"children": [],
			"components": {
				"Gameplay::Physics::TriggerVolume": {
					"colliders": [
						{
							"extents": {
								"x": 1.0,
								"y": 1.0,
								"z": 1.0
							},
							"guid": "8d5a3448-fb2e-ae4b-b799-e6cad53ee589",
							"position": {
								"x": 0.0,
								"y": 0.0,
								"z": 0.0
							},
							"rotation": {
								"x": 0.0,
								"y": 0.0,
								"z": 0.0
							},
							"scale": {
								"x": 1.0,
								"y": 1.0,
								"z": 1.0
							},
							"type": "Box"
						}
					],
					"enabled": true,
					"group": 1,
					"guid": "2b51cbfb-0b49-b747-ae11-e060c6cf6972",
					"mask": -1
				},
				"RenderComponent": {
					"enabled": true,
					"guid": "71112f40-0492-384d-87ec-95c1094df26c",
					"material": "3076362b-14ad-a04e-8ddb-b33804c94b95",
					"mesh": "a5494be2-0037-2d4c-b910-409d3681302a"
				},
				"RotatingBehaviour": {
					"enabled": true,
					"guid": "8760fd2b-7784-6049-b51f-af80aa0af89e",
					"speed": {
						"x": 0.0,
						"y": 0.0,
						"z": 0.0
					}
				}
			},
			"guid": "5ca3c7f1-e19b-c740-9dac-7e706ce8709c",
			"hide_in_inspector": false,
			"name": "Obstacle",
			"parent": "null",
			"position": {
				"x": -5.0,
				"y": 0.0,
				"z": 0.0
			},
			"rotation": {
				"w": 1.0,
				"x": 0.0,
				"y": 0.0,
				"z": 0.0
			},
			"scale": {
				"x": 1.0,
				"y": 1.0,
				"z": 1.0
			}
		}
	],
	"skybox": {
		"mesh": "null",
		"orientation": {
			"w": 0.7071067690849304,
			"x": 0.7071067690849304,
			"y": 0.0,
			"z": 0.0
		},
		"shader": "dd51b9d1-3036-3b4d-bd38-3ae2686cf669",
		"texture": "551d8478-724f-d44d-8fec-cf64bd769c9d"
	}
}